block_number,2301875
utxo_set
pub_key,dhe_point,c_value,encrypted_data.msg,encrypted_data.iv
0x202f74638369c398d0ad34f3a56225c9e075de1708986d9e7a25db5ff6481d1c,0x19bf8ff96eea104985f55a0825acab73f00b98e49261d4d4541bd8e328dee7ff,10000000000000000,0x0,0x0
0xa38225a1b2a79e912430961ded87d95d1b891b3b78dab35ca5c28906b8d3f00b,0xa6d5eb7915f2220c4db76fa503abfd5048db60340454a3afa9f62a317d09617f,10000000000000000,0x0,0x0
0x14d398d505a4e8e63c101bff70f4250bb203a304ed4b3394f1bf3a4aefbf95d2,0x9f8c3bf483e9095db85ff01b49463347beba30608971d006b07ae4ba6d937f22,10000000000000000,0x0,0x0
0xa8060147ae4e0ee011d2c9bb58654e922f34f882b3619a1085cc3063cd9bb47e,0x196d8f478cc42150d2d3f1b707c830aa229cc11c4dc2559d100b31cb848ed6d1,10000000000000000,0x0,0x0
0x1183be8077aa18f14ae8f77b36d4e8dd67ffcad2ee816ea2d583746a3ddd2f0e,0x0e045ddc7ef39ba6e1e99031b9ffcfded6badb3f30faf523397bf96e05ffbcad,10000000000000000,0x0,0x0
0x8eef3d487927b89f6608a2badeb2d64c414fe141be7bb750f50a35163b33f82f,0x1e4556ef60e5ba9b0af71f0cd89c7e2ffd464c7eaf0075aaa6cdffa5b9d88665,10000000000000000,0x0,0x0
0x156c45b59470df7c9b08dc69e972ebade3934805085bad63f06cf85fdf672b5e,0x88957f665c01884080bf09bfd3187f74cf8d1b3019c2dac9036a67279f012545,10000000000000000,0x0,0x0
0x212f1244cc555c033a981ad90f31db6086cfb2c0818590cb01289606856f9b19,0x2dab5bc75ae6d53fd83e66a50944e20326b1beb6c898292ca19b68cd9fd77328,10000000000000000,0x0,0x0
0x81e8a3f38083028d20ad939348aae7f8d3c4099c8bfb132483231faeb3cd28b8,0x96ef5070605a2ad08619ee7b81560fe0ad3505091d9677006812f5c6a4d721da,10000000000000000,0x0,0x0
0x84f3913ea3f100f217191bf45f622c542796d976d8e8875c7d9e5a2007527ebb,0xa21eee700f934bd4d53b2594232b2b959873a92d5dd0ea24edc04aa319dc2eb0,10000000000000000,0x0,0x0
0xa374a09d0af1ef487445635515626945a1847d32b05193bb9348ade95addbce6,0x1b5cddf0e99288db04f15f0569582e15fcbbda8ee0a3e1d382e33aab89cef11a,10000000000000000,0x0,0x0
0xa6c4c7850ae6b1679f49e7d8c58e66f8122299642f7dcd695695389f06b21fcd,0x17e6995592b9c0bcf5e532fbd15351943810f5a15def9575ebeb28369aaf8529,10000000000000000,0x0,0x0
0xa0c97a8b68aab25b780a39ddee1670848f3507445eefcd71f607695b3f52bf51,0x89b26559f490b73f570d2ded942da040e3c2182aa4b4a1ef3bc5699700496f20,10000000000000000,0x0,0x0
0x002f84b5ac60bc3c37f062c53c88f170457e4b56c9f4bba8229c48146d71b38c,0xacc3b4ebbd7d26c021cedf908c29086b108a5ae264ef917809bccf774b52ae21,10000000000000000,0x0,0x0
0x108ca22437e24ac4086aadd0b7148a836c178cdfadce35153aea2cb3157a6fb6,0x1f43f2617d9d4630f2d1d87fc742480fe15000658434b517aa470f8faea63561,0x832a545e19e3986dbd024c493a72be0be11e32c68ec17b49159886245601edef,0x086c60596f1d6a561700ff701cc96edfad7f710c15c25cc4e75bf0c3c65427302ec7275856aecbd40be69a1b0964fb0573382be5ca337d96bd137289f5589cbf,0xf09cbf4f838338aeca0dee4f289cf434
0x1c9af3d48a6a19d6f255aa6069609b2bedca4b8809c3c0efa9a0c7d41fefc120,0xaf89c2b0749b45ea0e12d9d2320ef96562bc9e2c0a3c0d69647672572348b4c8,0x9fafa4c456cc57aa6d3ef7b7701f6b13a9955a31bf07675be0566a2538ceaa3c,0xc882499fc38136e13baff54211d764faf87b38807958b8d433570add9e4928ee73a0ed3919c69eea8f96b582f146bd40ae4434599f3dc3cc77ab3b84311a9181,0xe71d34422d251d3d4ff714348d5a7d4c
mixin_set
pub_key,dhe_point,c_value,encrypted_data.msg,encrypted_data.iv
0x893459a59efc9d77d0211e4ceb6cb795e6a906ded9e5a97fe3c8da1cc39d8759,0x09a43bdd250880223be73fef1a6b1d4befde53596bfd7121760840d698229c4d,10000000000000000,0x0,0x0
0x0a3390048e94e97628f87a5cd588e1cb7d00d40584ef5abfebdad3da0b00d106,0x1711bfae512bb6a46d89ee1e3635eb3afea3ece76f1ccd0f1842d31d8c827b7f,10000000000000000,0x0,0x0
0xa7521cc718b32713cb80ce402cf7a19edf1a4a3dc77fd69cd846b5e6fa4aebf8,0x9e12f0bc7cf158086bc24c2655e3ec6335476b8318f8352852ffd271a7168995,0x215fe122b2660ef0cf56a46b2eae6b5cdb68cc677f90b9b5aa93ff2d455dd578,0x98cb1a073ea9266669307c0ccca67e934a1b2c81bb0e00232c650bd57ce293ef10f380a64edd3884c9a911bbaefa742c6299c5ed5f206f9e6317d2378fa0a531,0xe73588960523417eb2b91808fd41b9be
